id;name;date;location;description
1;Tuna integrated deposit;2023-03-13T08:31:38;Technician bluetooth;THX SDDXXX
2;Fresh USB hack;2023-03-13T07:17:37;OvalXXXXXX;24/7 data-warehouse
3;stable Chicken;2023-03-12T20:25:42;Triple-buffered;BallXXXXXX
4;transmitting;2023-03-13T12:45:05;hack portals Ergonomic;Louisiana quantify
5;empowering;2023-03-13T12:20:53;Representative;RSSXXXXXXX
6;Card Bedfordshire;2023-03-13T10:52:02;Steel Lats;Bedfordshire deposit
7;Operations;2023-03-13T02:41:38;Fresh mint AI;PCI Cuban Fresh
8;Table Kids;2023-03-13T03:55:33;firmware user-centric Buckinghamshire;uniform Books
9;Sleek American;2023-03-13T07:04:47;interactive invoice;RubberXXXX
10;bypassXXXX;2023-03-13T17:53:47;DelawareXX;GeorgiaXXX
