id;eventname;date;location;eventdescription;club
1;lime deposit;2023-03-26T21:47:54;Buckinghamshire New Optimization;navigating yellow leverage;DynamicXXX
2;Jamaica Directives EXE;2023-03-27T02:14:23;engageXXXX;Kansas compressing;Web killer
3;Frozen back-end Uganda;2023-03-27T17:37:32;Pike Direct;Plains SQL microchip;AvonXXXXXX
4;AssistantX;2023-03-27T05:02:26;program Colorado;HatXXXXXXX;redundant Bedfordshire Technician
5;Agent blockchains;2023-03-27T15:45:41;global Interactions;Assurance quantify Lev;Rubber Guinea-Bissau green
6;Rustic synergize;2023-03-27T11:43:20;extensible Visionary;WoodenXXXX;Rustic indigo
7;Senior Gorgeous Plastic;2023-03-27T12:36:24;evolveXXXX;Mouse Oklahoma Rupee;compress Buckinghamshire
8;Zloty hacking;2023-03-27T16:56:43;clicks-and-mortar;CSSXXXXXXX;CFP olive Web
9;Frozen payment;2023-03-27T04:28:02;District Creative Metal;neural Albania;Home Jewelery
10;card ivory compressing;2023-03-26T22:34:41;evolve program;Kip Pizza e-business;Tuna client-driven
