id;title;content;date
1;Singapore Mexico;../fake-data/blob/hipster.txt;2023-04-07T08:05:34
2;Orchestrator;../fake-data/blob/hipster.txt;2023-04-07T13:14:10
3;world-class Hat;../fake-data/blob/hipster.txt;2023-04-07T02:11:00
4;solutionsX;../fake-data/blob/hipster.txt;2023-04-07T11:23:37
5;LoanXXXXXX;../fake-data/blob/hipster.txt;2023-04-07T00:36:59
6;PatacaXXXX;../fake-data/blob/hipster.txt;2023-04-07T15:59:12
7;New IsleXX;../fake-data/blob/hipster.txt;2023-04-07T01:22:28
8;repurpose Dominica blockchains;../fake-data/blob/hipster.txt;2023-04-07T00:17:42
9;systemXXXX;../fake-data/blob/hipster.txt;2023-04-07T02:06:18
10;backingXXX;../fake-data/blob/hipster.txt;2023-04-07T11:43:55
